"Gencode Id","Gene Symbol","Variant Id","SNP Id","P-Value","NES","Tissue"
"ENSG00000176771.16","NCKAP5","chr2_133266691_G_T_b38","rs77255099","2.3e-9","-0.68","Ovary"
"ENSG00000176771.16","NCKAP5","chr2_133519811_A_G_b38","rs7569514","6.5e-9","0.46","Testis"
"ENSG00000176771.16","NCKAP5","chr2_133258863_A_T_b38","rs7568471","9.7e-9","-0.58","Ovary"
"ENSG00000176771.16","NCKAP5","chr2_133567112_C_A_b38","rs6710186","1.2e-8","0.42","Testis"
"ENSG00000176771.16","NCKAP5","chr2_133539206_C_G_b38","rs12988662","1.3e-8","0.45","Testis"
"ENSG00000176771.16","NCKAP5","chr2_133547431_A_C_b38","rs200362799","1.3e-8","0.45","Testis"
"ENSG00000176771.16","NCKAP5","chr2_133242492_A_G_b38","rs6749561","1.4e-8","-0.57","Ovary"
"ENSG00000176771.16","NCKAP5","chr2_133235773_A_G_b38","rs13414129","3.0e-8","-0.53","Ovary"
"ENSG00000176771.16","NCKAP5","chr2_133547537_C_T_b38","rs34760299","3.1e-8","0.36","Testis"
"ENSG00000176771.16","NCKAP5","chr2_133579759_C_T_b38","rs56082736","6.2e-8","0.36","Testis"
"ENSG00000176771.16","NCKAP5","chr2_133588955_G_A_b38","rs34522146","7.0e-8","0.38","Testis"
"ENSG00000176771.16","NCKAP5","chr2_133562527_C_T_b38","rs1864816","7.8e-8","0.38","Testis"
"ENSG00000176771.16","NCKAP5","chr2_133583127_AT_A_b38","rs141532891","7.9e-8","0.38","Testis"
"ENSG00000176771.16","NCKAP5","chr2_133491691_G_T_b38","rs36117077","9.1e-8","0.38","Testis"
"ENSG00000176771.16","NCKAP5","chr2_133548763_G_A_b38","rs55701022","1.1e-7","0.34","Testis"
"ENSG00000176771.16","NCKAP5","chr2_133558367_G_C_b38","rs6723321","1.2e-7","0.40","Testis"
"ENSG00000176771.16","NCKAP5","chr2_133578421_A_G_b38","rs11675814","1.2e-7","0.38","Testis"
"ENSG00000176771.16","NCKAP5","chr2_133592018_A_T_b38","rs11688182","1.3e-7","0.38","Testis"
"ENSG00000176771.16","NCKAP5","chr2_133592999_C_T_b38","rs6715224","1.3e-7","0.38","Testis"
"ENSG00000176771.16","NCKAP5","chr2_133575441_T_G_b38","rs17816830","1.3e-7","0.38","Testis"
"ENSG00000176771.16","NCKAP5","chr2_133582206_C_A_b38","rs1368096","1.3e-7","0.38","Testis"
"ENSG00000176771.16","NCKAP5","chr2_133589795_G_A_b38","rs34570953","1.3e-7","0.38","Testis"
"ENSG00000176771.16","NCKAP5","chr2_133756955_C_G_b38","rs1446751","1.4e-7","0.45","Prostate"
"ENSG00000176771.16","NCKAP5","chr2_133549153_G_C_b38","rs200691067","1.8e-7","0.33","Testis"
"ENSG00000176771.16","NCKAP5","chr2_133549154_G_A_b38","rs201537657","1.8e-7","0.33","Testis"
"ENSG00000176771.16","NCKAP5","chr2_133549157_T_G_b38","rs199701528","1.8e-7","0.33","Testis"
"ENSG00000176771.16","NCKAP5","chr2_133547632_C_T_b38","rs13013904","2.6e-7","0.34","Testis"
"ENSG00000176771.16","NCKAP5","chr2_133244618_T_A_b38","rs11903476","2.8e-7","-0.58","Ovary"
"ENSG00000176771.16","NCKAP5","chr2_133538097_C_T_b38","rs1432289","3.3e-7","0.32","Testis"
"ENSG00000176771.16","NCKAP5","chr2_133581579_C_T_b38","rs34647295","3.5e-7","0.34","Testis"
"ENSG00000176771.16","NCKAP5","chr2_133555678_G_A_b38","rs11683660","3.6e-7","0.32","Testis"
"ENSG00000176771.16","NCKAP5","chr2_133550104_A_C_b38","rs200691484","3.7e-7","0.32","Testis"
"ENSG00000176771.16","NCKAP5","chr2_133587095_G_A_b38","rs6430432","3.7e-7","0.35","Testis"
"ENSG00000176771.16","NCKAP5","chr2_133255520_ATG_A_b38","rs72455825","4.2e-7","-0.62","Ovary"
"ENSG00000176771.16","NCKAP5","chr2_133257636_C_T_b38","rs7603759","4.2e-7","-0.62","Ovary"
"ENSG00000176771.16","NCKAP5","chr2_133540208_A_C_b38","rs13021343","4.2e-7","0.32","Testis"
"ENSG00000176771.16","NCKAP5","chr2_133540581_G_C_b38","rs35668347","4.2e-7","0.32","Testis"
"ENSG00000176771.16","NCKAP5","chr2_133541274_T_TATA_b38","rs138302096","4.2e-7","0.32","Testis"
"ENSG00000176771.16","NCKAP5","chr2_133543559_C_T_b38","rs11684547","4.2e-7","0.32","Testis"
"ENSG00000176771.16","NCKAP5","chr2_133543624_C_T_b38","rs11684591","4.2e-7","0.32","Testis"
"ENSG00000176771.16","NCKAP5","chr2_133544358_A_G_b38","rs58003178","4.2e-7","0.32","Testis"
"ENSG00000176771.16","NCKAP5","chr2_133544564_C_G_b38","rs34876294","4.2e-7","0.32","Testis"
"ENSG00000176771.16","NCKAP5","chr2_133545016_G_A_b38","rs34330431","4.2e-7","0.32","Testis"
"ENSG00000176771.16","NCKAP5","chr2_133545168_C_G_b38","rs57668791","4.2e-7","0.32","Testis"
"ENSG00000176771.16","NCKAP5","chr2_133546009_G_T_b38","rs35323735","4.2e-7","0.32","Testis"
"ENSG00000176771.16","NCKAP5","chr2_133546058_A_T_b38","rs55845803","4.2e-7","0.32","Testis"
"ENSG00000176771.16","NCKAP5","chr2_133546975_T_C_b38","rs58485688","4.2e-7","0.32","Testis"
"ENSG00000176771.16","NCKAP5","chr2_133548389_T_C_b38","rs12996421","4.2e-7","0.32","Testis"
"ENSG00000176771.16","NCKAP5","chr2_133553011_A_G_b38","rs13025284","4.2e-7","0.32","Testis"
"ENSG00000176771.16","NCKAP5","chr2_133553537_A_G_b38","rs56209820","4.2e-7","0.32","Testis"
"ENSG00000176771.16","NCKAP5","chr2_133555727_C_T_b38","rs11695364","4.2e-7","0.32","Testis"
"ENSG00000176771.16","NCKAP5","chr2_133556302_A_C_b38","rs55664663","4.2e-7","0.32","Testis"
"ENSG00000176771.16","NCKAP5","chr2_133556369_C_T_b38","rs55864684","4.2e-7","0.32","Testis"
"ENSG00000176771.16","NCKAP5","chr2_133545070_C_T_b38","rs35187072","4.5e-7","0.32","Testis"
"ENSG00000176771.16","NCKAP5","chr2_133254927_C_T_b38","rs13431418","4.7e-7","-0.61","Ovary"
"ENSG00000176771.16","NCKAP5","chr2_133257389_C_T_b38","rs7600871","4.7e-7","-0.61","Ovary"
"ENSG00000176771.16","NCKAP5","chr2_133546937_G_T_b38","rs13005808","5.1e-7","0.32","Testis"
"ENSG00000176771.16","NCKAP5","chr2_133539186_T_C_b38","rs7585890","5.4e-7","0.32","Testis"
"ENSG00000176771.16","NCKAP5","chr2_133539210_A_G_b38","rs7583003","5.4e-7","0.32","Testis"
"ENSG00000176771.16","NCKAP5","chr2_133542078_T_C_b38","rs12990737","5.4e-7","0.32","Testis"
"ENSG00000176771.16","NCKAP5","chr2_133544401_T_A_b38","rs59418700","5.4e-7","0.32","Testis"
"ENSG00000176771.16","NCKAP5","chr2_133545529_C_T_b38","rs12999372","5.4e-7","0.32","Testis"
"ENSG00000176771.16","NCKAP5","chr2_133547036_T_C_b38","rs34708170","5.4e-7","0.32","Testis"
"ENSG00000176771.16","NCKAP5","chr2_133553136_C_G_b38","rs13000087","5.4e-7","0.32","Testis"
"ENSG00000176771.16","NCKAP5","chr2_133553479_T_G_b38","rs56260098","5.4e-7","0.32","Testis"
"ENSG00000176771.16","NCKAP5","chr2_133553480_T_G_b38","rs55635347","5.4e-7","0.32","Testis"
"ENSG00000176771.16","NCKAP5","chr2_133251724_G_T_b38","rs13413333","5.4e-7","-0.67","Ovary"
"ENSG00000176771.16","NCKAP5","chr2_133238128_C_T_b38","rs2217428","6.2e-7","-0.66","Ovary"
"ENSG00000176771.16","NCKAP5","chr2_133242017_C_T_b38","rs1835341","6.2e-7","-0.66","Ovary"
"ENSG00000176771.16","NCKAP5","chr2_133535616_A_AAT_b38","rs56163750","6.2e-7","0.32","Testis"
"ENSG00000176771.16","NCKAP5","chr2_133554142_T_C_b38","rs1835818","6.6e-7","0.31","Testis"
"ENSG00000176771.16","NCKAP5","chr2_133583520_A_T_b38","rs35421727","6.8e-7","0.33","Testis"
"ENSG00000176771.16","NCKAP5","chr2_133496072_G_A_b38","rs1897429","7.1e-7","-0.38","Cells - EBV-transformed lymphocytes"
"ENSG00000176771.16","NCKAP5","chr2_133241034_C_T_b38","rs62178459","7.9e-7","-0.56","Ovary"
"ENSG00000176771.16","NCKAP5","chr2_133251095_T_A_b38","rs10182118","8.4e-7","-0.63","Ovary"
"ENSG00000176771.16","NCKAP5","chr2_133251088_C_A_b38","rs10167342","9.8e-7","-0.64","Ovary"
"ENSG00000176771.16","NCKAP5","chr2_133562538_T_C_b38","rs1864817","0.0000012","0.39","Testis"
"ENSG00000176771.16","NCKAP5","chr2_133280880_T_G_b38","rs76498001","0.0000013","-0.62","Ovary"
"ENSG00000176771.16","NCKAP5","chr2_133280736_G_T_b38","rs78712294","0.0000014","-0.65","Ovary"
"ENSG00000176771.16","NCKAP5","chr2_133281742_C_A_b38","rs10170384","0.0000014","-0.65","Ovary"
"ENSG00000176771.16","NCKAP5","chr2_133249897_G_T_b38","rs62179960","0.0000014","-0.57","Ovary"
"ENSG00000176771.16","NCKAP5","chr2_133247997_G_A_b38","rs10496702","0.0000014","-0.55","Ovary"
"ENSG00000176771.16","NCKAP5","chr2_133269897_G_A_b38","rs12613208","0.0000015","0.22","Nerve - Tibial"
"ENSG00000176771.16","NCKAP5","chr2_133596781_CA_C_b38","rs11366039","0.0000015","0.32","Testis"
"ENSG00000176771.16","NCKAP5","chr2_133270480_T_A_b38","rs78444386","0.0000015","-0.66","Ovary"
"ENSG00000176771.16","NCKAP5","chr2_133270839_C_T_b38","rs13418981","0.0000015","-0.66","Ovary"
"ENSG00000176771.16","NCKAP5","chr2_133275388_TCACACATA_T_b38","rs144494068","0.0000015","-0.66","Ovary"
"ENSG00000176771.16","NCKAP5","chr2_133251553_AT_A_b38","rs71948263","0.0000015","-0.55","Ovary"
"ENSG00000176771.16","NCKAP5","chr2_133256980_C_T_b38","rs7600407","0.0000015","-0.55","Ovary"
"ENSG00000176771.16","NCKAP5","chr2_133560470_A_C_b38","rs12993518","0.0000016","0.29","Testis"
"ENSG00000176771.16","NCKAP5","chr2_133756050_G_A_b38","rs1446750","0.0000016","0.43","Prostate"
"ENSG00000176771.16","NCKAP5","chr2_133763576_C_T_b38","rs1446753","0.0000016","0.43","Prostate"
"ENSG00000176771.16","NCKAP5","chr2_133530492_A_C_b38","rs35106467","0.0000016","0.32","Testis"
"ENSG00000176771.16","NCKAP5","chr2_133533656_C_T_b38","rs34705757","0.0000016","0.32","Testis"
"ENSG00000176771.16","NCKAP5","chr2_133281896_T_C_b38","rs10185165","0.0000017","-0.63","Ovary"
"ENSG00000176771.16","NCKAP5","chr2_133742485_A_G_b38","rs112872363","0.0000017","0.45","Prostate"
"ENSG00000176771.16","NCKAP5","chr2_133271184_G_A_b38","rs62179969","0.0000018","-0.65","Ovary"
"ENSG00000176771.16","NCKAP5","chr2_133271222_G_A_b38","rs62179970","0.0000018","-0.65","Ovary"
"ENSG00000176771.16","NCKAP5","chr2_133271463_CA_C_b38","rs145947352","0.0000018","-0.65","Ovary"
"ENSG00000176771.16","NCKAP5","chr2_133274322_C_T_b38","rs2115865","0.0000018","-0.66","Ovary"
"ENSG00000176771.16","NCKAP5","chr2_133478773_CAAATATGT_C_b38","rs145425962","0.0000018","-0.37","Cells - EBV-transformed lymphocytes"
"ENSG00000176771.16","NCKAP5","chr2_133480422_CT_C_b38","rs11297578","0.0000018","-0.37","Cells - EBV-transformed lymphocytes"
"ENSG00000176771.16","NCKAP5","chr2_133493234_G_A_b38","rs11695605","0.0000018","-0.37","Cells - EBV-transformed lymphocytes"
"ENSG00000176771.16","NCKAP5","chr2_133574442_A_C_b38","rs34720835","0.0000018","0.39","Testis"
"ENSG00000176771.16","NCKAP5","chr2_133249786_C_T_b38","rs6744863","0.0000020","-0.58","Ovary"
"ENSG00000176771.16","NCKAP5","chr2_133487832_C_T_b38","rs2874399","0.0000025","-0.37","Cells - EBV-transformed lymphocytes"
"ENSG00000176771.16","NCKAP5","chr2_133585682_A_G_b38","rs4954068","0.0000027","0.31","Testis"
"ENSG00000176771.16","NCKAP5","chr2_133723646_G_A_b38","rs12162298","0.0000028","0.43","Prostate"
"ENSG00000176771.16","NCKAP5","chr2_133248269_T_G_b38","rs77401611","0.0000028","-0.63","Ovary"
"ENSG00000176771.16","NCKAP5","chr2_133249921_CT_C_b38","rs142028270","0.0000028","-0.63","Ovary"
"ENSG00000176771.16","NCKAP5","chr2_133249934_G_A_b38","rs62179961","0.0000028","-0.63","Ovary"
"ENSG00000176771.16","NCKAP5","chr2_133271993_A_T_b38","rs2217427","0.0000028","0.21","Nerve - Tibial"
"ENSG00000176771.16","NCKAP5","chr2_133272000_C_A_b38","rs12621649","0.0000028","0.21","Nerve - Tibial"
"ENSG00000176771.16","NCKAP5","chr2_133733225_G_GCCAATGAGATGTCTATGTGGCCTTGTGACACAGTCATAGCCAATGAGATGTCTATGTGGCCATGTGACACAGTCCTACCCAATGAAATGTCTAGGTGGCCATGTGACACAGTCCTAC_b38","","0.0000029","-0.32","Heart - Left Ventricle"
"ENSG00000176771.16","NCKAP5","chr2_133254344_A_G_b38","rs13390487","0.0000030","-0.53","Ovary"
"ENSG00000176771.16","NCKAP5","chr2_133287894_G_C_b38","rs13002346","0.0000030","0.21","Nerve - Tibial"
"ENSG00000176771.16","NCKAP5","chr2_133266691_G_T_b38","rs77255099","0.0000031","-0.23","Stomach"
"ENSG00000176771.16","NCKAP5","chr2_133776195_G_T_b38","rs75601924","0.0000031","0.43","Prostate"
"ENSG00000176771.16","NCKAP5","chr2_133282242_G_A_b38","rs61632923","0.0000031","-0.62","Ovary"
"ENSG00000176771.16","NCKAP5","chr2_133274747_A_T_b38","rs35329428","0.0000032","0.21","Nerve - Tibial"
"ENSG00000176771.16","NCKAP5","chr2_133246182_C_T_b38","rs17800749","0.0000032","-0.62","Ovary"
"ENSG00000176771.16","NCKAP5","chr2_133259481_T_C_b38","rs10193871","0.0000032","-0.62","Ovary"
"ENSG00000176771.16","NCKAP5","chr2_133254421_C_T_b38","rs13430905","0.0000032","-0.56","Ovary"
"ENSG00000176771.16","NCKAP5","chr2_133480557_G_C_b38","rs1865585","0.0000033","-0.36","Cells - EBV-transformed lymphocytes"
"ENSG00000176771.16","NCKAP5","chr2_133771785_C_T_b38","rs731972","0.0000036","0.43","Prostate"
"ENSG00000176771.16","NCKAP5","chr2_133774106_A_G_b38","rs4101466","0.0000036","0.43","Prostate"
"ENSG00000176771.16","NCKAP5","chr2_133775051_C_A_b38","rs16829241","0.0000036","0.43","Prostate"
"ENSG00000176771.16","NCKAP5","chr2_133777001_G_A_b38","rs79874171","0.0000036","0.43","Prostate"
"ENSG00000176771.16","NCKAP5","chr2_133233220_C_T_b38","rs10206544","0.0000041","-0.58","Ovary"
"ENSG00000176771.16","NCKAP5","chr2_133285423_G_GGCA_b38","rs539091834","0.0000041","0.21","Nerve - Tibial"
"ENSG00000176771.16","NCKAP5","chr2_133286158_G_T_b38","rs34682960","0.0000042","0.21","Nerve - Tibial"
"ENSG00000176771.16","NCKAP5","chr2_133261493_T_G_b38","rs4057049","0.0000043","-0.53","Ovary"
"ENSG00000176771.16","NCKAP5","chr2_133496218_A_G_b38","rs3910163","0.0000044","-0.35","Cells - EBV-transformed lymphocytes"
"ENSG00000176771.16","NCKAP5","chr2_133286621_G_T_b38","rs13412008","0.0000044","-0.57","Ovary"
"ENSG00000176771.16","NCKAP5","chr2_133499407_C_T_b38","rs1008125","0.0000048","-0.35","Cells - EBV-transformed lymphocytes"
"ENSG00000176771.16","NCKAP5","chr2_133730655_G_C_b38","rs72843247","0.0000052","-0.26","Heart - Left Ventricle"
"ENSG00000176771.16","NCKAP5","chr2_133285452_T_G_b38","rs13399345","0.0000054","-0.55","Ovary"
"ENSG00000176771.16","NCKAP5","chr2_133285643_T_A_b38","rs13399558","0.0000054","-0.55","Ovary"
"ENSG00000176771.16","NCKAP5","chr2_133286559_A_G_b38","rs10496704","0.0000054","-0.55","Ovary"
"ENSG00000176771.16","NCKAP5","chr2_133730829_C_T_b38","rs3905278","0.0000057","-0.21","Heart - Left Ventricle"
"ENSG00000176771.16","NCKAP5","chr2_133288031_G_T_b38","rs1344725","0.0000060","-0.58","Ovary"
"ENSG00000176771.16","NCKAP5","chr2_133475051_C_T_b38","rs4954052","0.0000062","-0.35","Cells - EBV-transformed lymphocytes"
"ENSG00000176771.16","NCKAP5","chr2_133762000_G_A_b38","rs1867898","0.0000063","0.16","Adipose - Subcutaneous"
"ENSG00000176771.16","NCKAP5","chr2_133819684_G_T_b38","rs7603317","0.0000063","-0.17","Nerve - Tibial"
"ENSG00000176771.16","NCKAP5","chr2_133824511_G_A_b38","rs2321300","0.0000063","-0.17","Nerve - Tibial"
"ENSG00000176771.16","NCKAP5","chr2_133731301_C_T_b38","rs4369917","0.0000068","-0.26","Heart - Left Ventricle"
"ENSG00000176771.16","NCKAP5","chr2_133810181_C_A_b38","rs55703735","0.0000070","-0.17","Nerve - Tibial"
"ENSG00000176771.16","NCKAP5","chr2_133275915_T_A_b38","rs1430169","0.0000075","-0.61","Ovary"
"ENSG00000176771.16","NCKAP5","chr2_133654840_C_T_b38","rs4362615","0.0000077","0.18","Adipose - Subcutaneous"
"ENSG00000176771.16","NCKAP5","chr2_133206319_C_T_b38","rs147513355","0.0000079","0.47","Nerve - Tibial"
"ENSG00000176771.16","NCKAP5","chr2_133730310_G_T_b38","rs4605420","0.0000085","-0.20","Heart - Left Ventricle"
"ENSG00000176771.16","NCKAP5","chr2_133269342_T_G_b38","rs62179967","0.0000086","-0.60","Ovary"
"ENSG00000176771.16","NCKAP5","chr2_133012940_C_G_b38","rs6760960","0.0000090","0.23","Brain - Caudate (basal ganglia)"
"ENSG00000176771.16","NCKAP5","chr2_133585682_A_G_b38","rs4954068","0.0000094","0.21","Muscle - Skeletal"
"ENSG00000176771.16","NCKAP5","chr2_133583127_AT_A_b38","rs141532891","0.0000095","0.23","Muscle - Skeletal"
"ENSG00000176771.16","NCKAP5","chr2_133785153_A_G_b38","rs13412627","0.0000097","0.21","Colon - Sigmoid"
"ENSG00000176771.16","NCKAP5","chr2_133750841_T_G_b38","rs72843263","0.0000098","-0.25","Heart - Left Ventricle"
"ENSG00000176771.16","NCKAP5","chr2_133505054_C_T_b38","rs4954059","0.000010","-0.35","Cells - EBV-transformed lymphocytes"
"ENSG00000176771.16","NCKAP5","chr2_133730897_A_G_b38","rs4129551","0.000010","-0.20","Heart - Left Ventricle"
"ENSG00000176771.16","NCKAP5","chr2_133575441_T_G_b38","rs17816830","0.000010","0.23","Muscle - Skeletal"
"ENSG00000176771.16","NCKAP5","chr2_133582206_C_A_b38","rs1368096","0.000010","0.23","Muscle - Skeletal"
"ENSG00000176771.16","NCKAP5","chr2_133287740_C_T_b38","rs13391016","0.000011","0.22","Thyroid"
"ENSG00000176771.16","NCKAP5","chr2_133287209_A_T_b38","rs12469282","0.000011","-0.56","Ovary"
"ENSG00000176771.16","NCKAP5","chr2_133288701_A_G_b38","rs1344727","0.000011","-0.56","Ovary"
"ENSG00000176771.16","NCKAP5","chr2_133288725_A_G_b38","rs1344728","0.000011","-0.56","Ovary"
"ENSG00000176771.16","NCKAP5","chr2_133482602_A_G_b38","rs2163653","0.000011","-0.34","Cells - EBV-transformed lymphocytes"
"ENSG00000176771.16","NCKAP5","chr2_133792289_T_G_b38","rs4589813","0.000011","0.21","Colon - Sigmoid"
"ENSG00000176771.16","NCKAP5","chr2_133281053_A_G_b38","rs10496703","0.000012","-0.55","Ovary"
"ENSG00000176771.16","NCKAP5","chr2_133284350_G_T_b38","rs4589811","0.000012","-0.55","Ovary"
"ENSG00000176771.16","NCKAP5","chr2_133739721_A_G_b38","rs1470510","0.000012","-0.25","Heart - Left Ventricle"
"ENSG00000176771.16","NCKAP5","chr2_133742007_CA_C_b38","rs148695893","0.000012","-0.25","Heart - Left Ventricle"
"ENSG00000176771.16","NCKAP5","chr2_133768229_T_C_b38","rs12466546","0.000013","-0.25","Heart - Left Ventricle"
"ENSG00000176771.16","NCKAP5","chr2_133288031_G_T_b38","rs1344725","0.000013","0.22","Thyroid"
"ENSG00000176771.16","NCKAP5","chr2_133284988_C_T_b38","rs62180003","0.000013","-0.54","Ovary"
"ENSG00000176771.16","NCKAP5","chr2_133286249_G_C_b38","rs10189529","0.000013","-0.54","Ovary"
"ENSG00000176771.16","NCKAP5","chr2_133578421_A_G_b38","rs11675814","0.000014","0.22","Muscle - Skeletal"
"ENSG00000176771.16","NCKAP5","chr2_133697804_T_C_b38","rs17767728","0.000014","-0.23","Heart - Left Ventricle"
"ENSG00000176771.16","NCKAP5","chr2_133246370_C_T_b38","rs17744220","0.000014","-0.33","Stomach"
"ENSG00000176771.16","NCKAP5","chr2_133267993_G_C_b38","rs75313193","0.000014","-0.33","Stomach"
"ENSG00000176771.16","NCKAP5","chr2_133285423_G_GGCA_b38","rs539091834","0.000015","-0.21","Thyroid"
"ENSG00000176771.16","NCKAP5","chr2_133271993_A_T_b38","rs2217427","0.000015","-0.22","Thyroid"
"ENSG00000176771.16","NCKAP5","chr2_133272000_C_A_b38","rs12621649","0.000015","-0.22","Thyroid"
"ENSG00000176771.16","NCKAP5","chr2_133499606_T_C_b38","rs2320935","0.000015","-0.32","Cells - EBV-transformed lymphocytes"
"ENSG00000176771.16","NCKAP5","chr2_133620769_A_G_b38","rs1653791","0.000015","0.17","Adipose - Subcutaneous"
"ENSG00000176771.16","NCKAP5","chr2_133287740_C_T_b38","rs13391016","0.000015","-0.56","Ovary"
"ENSG00000176771.16","NCKAP5","chr2_133229616_T_C_b38","rs10210486","0.000016","-0.54","Ovary"
"ENSG00000176771.16","NCKAP5","chr2_133278243_G_A_b38","rs1820927","0.000016","-0.58","Ovary"
"ENSG00000176771.16","NCKAP5","chr2_133787555_A_G_b38","rs1374402","0.000016","0.40","Prostate"
"ENSG00000176771.16","NCKAP5","chr2_133795867_T_C_b38","rs1596916","0.000016","0.15","Adipose - Subcutaneous"
"ENSG00000176771.16","NCKAP5","chr2_133281053_A_G_b38","rs10496703","0.000017","0.21","Thyroid"
"ENSG00000176771.16","NCKAP5","chr2_133522266_G_T_b38","rs1812081","0.000017","0.27","Testis"
"ENSG00000176771.16","NCKAP5","chr2_133522514_C_T_b38","rs930196","0.000017","0.27","Testis"
"ENSG00000176771.16","NCKAP5","chr2_133522701_T_C_b38","rs1821182","0.000017","0.27","Testis"
"ENSG00000176771.16","NCKAP5","chr2_133622397_C_T_b38","rs13402567","0.000017","0.17","Adipose - Subcutaneous"
"ENSG00000176771.16","NCKAP5","chr2_133622759_G_A_b38","rs61112423","0.000017","0.17","Adipose - Subcutaneous"
"ENSG00000176771.16","NCKAP5","chr2_133647891_G_A_b38","rs13418989","0.000017","0.17","Adipose - Subcutaneous"
"ENSG00000176771.16","NCKAP5","chr2_133652381_C_T_b38","rs7569801","0.000017","0.17","Adipose - Subcutaneous"
"ENSG00000176771.16","NCKAP5","chr2_133744688_T_G_b38","rs12468301","0.000018","-0.25","Heart - Left Ventricle"
"ENSG00000176771.16","NCKAP5","chr2_133744867_T_C_b38","rs12468376","0.000018","-0.25","Heart - Left Ventricle"
"ENSG00000176771.16","NCKAP5","chr2_133747042_C_T_b38","rs12465737","0.000018","-0.25","Heart - Left Ventricle"
"ENSG00000176771.16","NCKAP5","chr2_133750593_G_T_b38","rs72843260","0.000018","-0.25","Heart - Left Ventricle"
"ENSG00000176771.16","NCKAP5","chr2_133751164_G_C_b38","rs1446749","0.000018","-0.25","Heart - Left Ventricle"
"ENSG00000176771.16","NCKAP5","chr2_133764051_G_A_b38","rs12464809","0.000018","-0.25","Heart - Left Ventricle"
"ENSG00000176771.16","NCKAP5","chr2_133764592_A_G_b38","rs34163450","0.000018","-0.25","Heart - Left Ventricle"
"ENSG00000176771.16","NCKAP5","chr2_133771158_A_T_b38","rs17819620","0.000018","-0.25","Heart - Left Ventricle"
"ENSG00000176771.16","NCKAP5","chr2_133771839_T_C_b38","rs17768541","0.000018","-0.25","Heart - Left Ventricle"
"ENSG00000176771.16","NCKAP5","chr2_133588955_G_A_b38","rs34522146","0.000018","0.22","Muscle - Skeletal"
"ENSG00000176771.16","NCKAP5","chr2_133248269_T_G_b38","rs77401611","0.000018","0.23","Thyroid"
"ENSG00000176771.16","NCKAP5","chr2_133249921_CT_C_b38","rs142028270","0.000018","0.23","Thyroid"
"ENSG00000176771.16","NCKAP5","chr2_133249934_G_A_b38","rs62179961","0.000018","0.23","Thyroid"
"ENSG00000176771.16","NCKAP5","chr2_133589052_C_A_b38","rs4954069","0.000018","0.26","Testis"
"ENSG00000176771.16","NCKAP5","chr2_133589483_A_C_b38","rs13036152","0.000018","0.26","Testis"
"ENSG00000176771.16","NCKAP5","chr2_133589485_T_G_b38","rs12691839","0.000018","0.26","Testis"
"ENSG00000176771.16","NCKAP5","chr2_133652959_A_G_b38","rs7586760","0.000018","0.17","Adipose - Subcutaneous"
"ENSG00000176771.16","NCKAP5","chr2_133520860_C_T_b38","rs4954061","0.000018","0.27","Testis"
"ENSG00000176771.16","NCKAP5","chr2_133521554_A_G_b38","rs56049516","0.000018","0.27","Testis"
"ENSG00000176771.16","NCKAP5","chr2_133803440_C_G_b38","rs6759873","0.000018","0.15","Adipose - Subcutaneous"
"ENSG00000176771.16","NCKAP5","chr2_133514377_C_T_b38","rs4954060","0.000019","0.27","Testis"
"ENSG00000176771.16","NCKAP5","chr2_133517054_C_T_b38","rs1966628","0.000019","0.27","Testis"
"ENSG00000176771.16","NCKAP5","chr2_133519909_C_T_b38","rs6430425","0.000019","0.27","Testis"
"ENSG00000176771.16","NCKAP5","chr2_133277581_A_G_b38","rs12464930","0.000019","-0.57","Ovary"
"ENSG00000176771.16","NCKAP5","chr2_133757546_GAACA_G_b38","rs143310074","0.000019","0.21","Colon - Sigmoid"
"ENSG00000176771.16","NCKAP5","chr2_133592018_A_T_b38","rs11688182","0.000020","0.22","Muscle - Skeletal"
"ENSG00000176771.16","NCKAP5","chr2_133592999_C_T_b38","rs6715224","0.000020","0.22","Muscle - Skeletal"
"ENSG00000176771.16","NCKAP5","chr2_133518382_T_G_b38","rs4953884","0.000020","0.27","Testis"
"ENSG00000176771.16","NCKAP5","chr2_133620544_C_T_b38","rs1653790","0.000021","0.17","Adipose - Subcutaneous"
"ENSG00000176771.16","NCKAP5","chr2_133621046_G_T_b38","rs1653792","0.000021","0.17","Adipose - Subcutaneous"
"ENSG00000176771.16","NCKAP5","chr2_133632068_G_A_b38","rs10174467","0.000021","0.17","Adipose - Subcutaneous"
"ENSG00000176771.16","NCKAP5","chr2_133589838_C_T_b38","rs7607909","0.000021","0.26","Testis"
"ENSG00000176771.16","NCKAP5","chr2_133590318_ATCAAGAGATCAAGACGGCCAACACGGTGAAACCCCG_A_b38","rs137878089","0.000021","0.26","Testis"
"ENSG00000176771.16","NCKAP5","chr2_133281791_G_C_b38","rs6430407","0.000021","-0.36","Ovary"
"ENSG00000176771.16","NCKAP5","chr2_133492522_G_A_b38","rs1017368","0.000021","-0.33","Cells - EBV-transformed lymphocytes"
"ENSG00000176771.16","NCKAP5","chr2_133500153_C_T_b38","rs11896713","0.000021","-0.33","Cells - EBV-transformed lymphocytes"
"ENSG00000176771.16","NCKAP5","chr2_133778979_C_T_b38","rs72843284","0.000021","0.30","Prostate"
"ENSG00000176771.16","NCKAP5","chr2_133779231_A_T_b38","rs57801195","0.000021","0.30","Prostate"
"ENSG00000176771.16","NCKAP5","chr2_133288725_A_G_b38","rs1344728","0.000021","0.21","Thyroid"
"ENSG00000176771.16","NCKAP5","chr2_133286621_G_T_b38","rs13412008","0.000022","0.21","Thyroid"
"ENSG00000176771.16","NCKAP5","chr2_133722629_A_G_b38","rs55715603","0.000022","-0.24","Heart - Left Ventricle"
"ENSG00000176771.16","NCKAP5","chr2_133730349_A_C_b38","rs6706052","0.000022","-0.24","Heart - Left Ventricle"
"ENSG00000176771.16","NCKAP5","chr2_133731428_C_A_b38","rs4369918","0.000022","-0.24","Heart - Left Ventricle"
"ENSG00000176771.16","NCKAP5","chr2_133733426_G_T_b38","rs1992783","0.000022","-0.24","Heart - Left Ventricle"
"ENSG00000176771.16","NCKAP5","chr2_133733695_C_T_b38","rs1992784","0.000022","-0.24","Heart - Left Ventricle"
"ENSG00000176771.16","NCKAP5","chr2_133736316_C_G_b38","rs72843252","0.000022","-0.24","Heart - Left Ventricle"
"ENSG00000176771.16","NCKAP5","chr2_133737948_T_A_b38","rs1562349","0.000022","-0.24","Heart - Left Ventricle"
"ENSG00000176771.16","NCKAP5","chr2_133738476_C_T_b38","rs1867894","0.000022","-0.24","Heart - Left Ventricle"
"ENSG00000176771.16","NCKAP5","chr2_133740749_G_C_b38","rs56111185","0.000022","-0.24","Heart - Left Ventricle"
"ENSG00000176771.16","NCKAP5","chr2_133740865_CACCA_C_b38","rs72215729","0.000022","-0.24","Heart - Left Ventricle"
"ENSG00000176771.16","NCKAP5","chr2_133636275_C_T_b38","rs2167530","0.000022","0.17","Adipose - Subcutaneous"
"ENSG00000176771.16","NCKAP5","chr2_133636283_T_C_b38","rs6430435","0.000022","0.17","Adipose - Subcutaneous"
"ENSG00000176771.16","NCKAP5","chr2_133637026_A_T_b38","rs7599633","0.000022","0.17","Adipose - Subcutaneous"
"ENSG00000176771.16","NCKAP5","chr2_133287209_A_T_b38","rs12469282","0.000022","0.21","Thyroid"
"ENSG00000176771.16","NCKAP5","chr2_133288701_A_G_b38","rs1344727","0.000022","0.21","Thyroid"
"ENSG00000176771.16","NCKAP5","chr2_133652341_A_C_b38","rs1901431","0.000022","0.16","Adipose - Subcutaneous"
"ENSG00000176771.16","NCKAP5","chr2_133015055_T_A_b38","rs6708179","0.000023","0.21","Brain - Caudate (basal ganglia)"
"ENSG00000176771.16","NCKAP5","chr2_133015056_A_C_b38","rs6705102","0.000023","0.21","Brain - Caudate (basal ganglia)"
"ENSG00000176771.16","NCKAP5","chr2_133589795_G_A_b38","rs34570953","0.000023","0.22","Muscle - Skeletal"
"ENSG00000176771.16","NCKAP5","chr2_133801532_T_G_b38","rs16829478","0.000023","0.15","Adipose - Subcutaneous"
"ENSG00000176771.16","NCKAP5","chr2_133762683_GGA_G_b38","rs72059406","0.000023","0.15","Adipose - Subcutaneous"
"ENSG00000176771.16","NCKAP5","chr2_133786619_T_C_b38","rs10496712","0.000024","0.39","Prostate"
"ENSG00000176771.16","NCKAP5","chr2_133790029_C_T_b38","rs16829441","0.000024","0.39","Prostate"
"ENSG00000176771.16","NCKAP5","chr2_133795851_T_C_b38","rs1596917","0.000024","0.39","Prostate"
"ENSG00000176771.16","NCKAP5","chr2_133769120_A_G_b38","rs1374396","0.000024","0.20","Colon - Sigmoid"
"ENSG00000176771.16","NCKAP5","chr2_133769265_T_G_b38","rs1110672","0.000024","0.20","Colon - Sigmoid"
"ENSG00000176771.16","NCKAP5","chr2_133703751_G_A_b38","rs56160327","0.000024","-0.23","Heart - Left Ventricle"
"ENSG00000176771.16","NCKAP5","chr2_133548532_G_A_b38","rs55675555","0.000024","0.28","Testis"
"ENSG00000176771.16","NCKAP5","chr2_133286158_G_T_b38","rs34682960","0.000024","-0.21","Thyroid"
"ENSG00000176771.16","NCKAP5","chr2_133311883_T_C_b38","rs57235980","0.000024","-0.19","Stomach"
"ENSG00000176771.16","NCKAP5","chr2_133511903_C_T_b38","rs6750306","0.000024","0.26","Testis"
"ENSG00000176771.16","NCKAP5","chr2_133519189_G_T_b38","rs1897432","0.000024","0.26","Testis"
"ENSG00000176771.16","NCKAP5","chr2_133777200_C_A_b38","rs895538","0.000025","0.29","Prostate"
"ENSG00000176771.16","NCKAP5","chr2_133778945_A_G_b38","rs72843283","0.000025","0.29","Prostate"
"ENSG00000176771.16","NCKAP5","chr2_132599753_TGAG_T_b38","rs3065529","0.000026","-0.17","Skin - Not Sun Exposed (Suprapubic)"
"ENSG00000176771.16","NCKAP5","chr2_133757793_T_C_b38","rs56194837","0.000026","0.20","Colon - Sigmoid"
"ENSG00000176771.16","NCKAP5","chr2_134147250_C_T_b38","rs73005589","0.000026","0.31","Skin - Not Sun Exposed (Suprapubic)"
"ENSG00000176771.16","NCKAP5","chr2_134148066_G_A_b38","rs57867728","0.000026","0.31","Skin - Not Sun Exposed (Suprapubic)"
"ENSG00000176771.16","NCKAP5","chr2_133591464_G_T_b38","rs891822","0.000026","-0.26","Testis"
"ENSG00000176771.16","NCKAP5","chr2_133731584_T_G_b38","rs55932202","0.000028","-0.24","Heart - Left Ventricle"
"ENSG00000176771.16","NCKAP5","chr2_133732715_C_A_b38","rs12467346","0.000028","-0.24","Heart - Left Ventricle"
"ENSG00000176771.16","NCKAP5","chr2_133732734_T_C_b38","rs12472423","0.000028","-0.24","Heart - Left Ventricle"
"ENSG00000176771.16","NCKAP5","chr2_133755866_G_A_b38","rs1348839","0.000028","0.20","Colon - Sigmoid"
"ENSG00000176771.16","NCKAP5","chr2_134019634_G_A_b38","rs77987202","0.000029","0.85","Artery - Aorta"
"ENSG00000176771.16","NCKAP5","chr2_133802190_G_A_b38","rs6430455","0.000029","0.14","Adipose - Subcutaneous"
"ENSG00000176771.16","NCKAP5","chr2_133654372_T_C_b38","rs2123084","0.000029","0.16","Adipose - Subcutaneous"
"ENSG00000176771.16","NCKAP5","chr2_133277455_C_A_b38","rs10928448","0.000029","0.15","Nerve - Tibial"
"ENSG00000176771.16","NCKAP5","chr2_133583520_A_T_b38","rs35421727","0.000029","0.19","Muscle - Skeletal"
"ENSG00000176771.16","NCKAP5","chr2_133792420_T_C_b38","rs1374400","0.000030","0.14","Adipose - Subcutaneous"
"ENSG00000176771.16","NCKAP5","chr2_133753999_G_A_b38","rs1900351","0.000030","0.20","Colon - Sigmoid"
"ENSG00000176771.16","NCKAP5","chr2_133757258_A_T_b38","rs12475347","0.000030","0.20","Colon - Sigmoid"
"ENSG00000176771.16","NCKAP5","chr2_133757425_G_A_b38","rs66527787","0.000030","0.20","Colon - Sigmoid"
"ENSG00000176771.16","NCKAP5","chr2_133716683_C_T_b38","rs4494809","0.000030","-0.19","Heart - Left Ventricle"
"ENSG00000176771.16","NCKAP5","chr2_133269897_G_A_b38","rs12613208","0.000030","-0.21","Thyroid"
"ENSG00000176771.16","NCKAP5","chr2_133758430_T_C_b38","rs2100083","0.000030","-0.19","Heart - Left Ventricle"
"ENSG00000176771.16","NCKAP5","chr2_133777200_C_A_b38","rs895538","0.000032","-0.19","Heart - Left Ventricle"
"ENSG00000176771.16","NCKAP5","chr2_133778945_A_G_b38","rs72843283","0.000032","-0.19","Heart - Left Ventricle"
"ENSG00000176771.16","NCKAP5","chr2_133778979_C_T_b38","rs72843284","0.000032","-0.19","Heart - Left Ventricle"
"ENSG00000176771.16","NCKAP5","chr2_133779231_A_T_b38","rs57801195","0.000032","-0.19","Heart - Left Ventricle"
"ENSG00000176771.16","NCKAP5","chr2_133782946_C_T_b38","rs72843293","0.000033","0.38","Prostate"
"ENSG00000176771.16","NCKAP5","chr2_133562527_C_T_b38","rs1864816","0.000033","0.21","Muscle - Skeletal"
"ENSG00000176771.16","NCKAP5","chr2_133810766_G_A_b38","rs17769767","0.000033","-0.14","Nerve - Tibial"
"ENSG00000176771.16","NCKAP5","chr2_133307993_A_AGGAGGACAAGAGGGAAAGAAAGAG_b38","rs145746107","0.000034","-0.21","Stomach"
"ENSG00000176771.16","NCKAP5","chr2_133249786_C_T_b38","rs6744863","0.000034","0.21","Thyroid"
"ENSG00000176771.16","NCKAP5","chr2_133284350_G_T_b38","rs4589811","0.000034","0.20","Thyroid"
"ENSG00000176771.16","NCKAP5","chr2_133274747_A_T_b38","rs35329428","0.000035","-0.21","Thyroid"
"ENSG00000176771.16","NCKAP5","chr2_133757115_G_A_b38","rs4425130","0.000035","-0.19","Heart - Left Ventricle"
"ENSG00000176771.16","NCKAP5","chr2_133757389_A_C_b38","rs6731434","0.000035","-0.19","Heart - Left Ventricle"
"ENSG00000176771.16","NCKAP5","chr2_133757426_C_T_b38","rs6716625","0.000035","-0.19","Heart - Left Ventricle"
"ENSG00000176771.16","NCKAP5","chr2_133590594_T_C_b38","rs6430434","0.000036","0.25","Testis"
"ENSG00000176771.16","NCKAP5","chr2_133590710_C_T_b38","rs1669460","0.000036","-0.25","Testis"
"ENSG00000176771.16","NCKAP5","chr2_133280736_G_T_b38","rs78712294","0.000036","0.21","Thyroid"
"ENSG00000176771.16","NCKAP5","chr2_133622290_T_TC_b38","rs59657448","0.000036","0.17","Adipose - Subcutaneous"
"ENSG00000176771.16","NCKAP5","chr2_133825686_G_A_b38","rs6758268","0.000036","-0.16","Nerve - Tibial"
"ENSG00000176771.16","NCKAP5","chr2_133781762_C_G_b38","rs2197605","0.000036","0.38","Prostate"
"ENSG00000176771.16","NCKAP5","chr2_133590218_C_T_b38","rs6760534","0.000037","0.25","Testis"
"ENSG00000176771.16","NCKAP5","chr2_133766110_G_GAA_b38","rs10660095","0.000038","0.20","Colon - Sigmoid"
"ENSG00000176771.16","NCKAP5","chr2_133706301_G_A_b38","rs55787899","0.000038","-0.23","Heart - Left Ventricle"
"ENSG00000176771.16","NCKAP5","chr2_133277729_T_G_b38","rs74715383","0.000038","-0.32","Stomach"
"ENSG00000176771.16","NCKAP5","chr2_133286559_A_G_b38","rs10496704","0.000039","0.20","Thyroid"
"ENSG00000176771.16","NCKAP5","chr2_133793338_A_T_b38","rs1596919","0.000039","0.14","Adipose - Subcutaneous"
"ENSG00000176771.16","NCKAP5","chr2_133766110_G_GAA_b38","rs10660095","0.000039","-0.18","Heart - Left Ventricle"
"ENSG00000176771.16","NCKAP5","chr2_133783922_T_C_b38","rs16829360","0.000039","0.38","Prostate"
"ENSG00000176771.16","NCKAP5","chr2_133287894_G_C_b38","rs13002346","0.000039","-0.20","Thyroid"
"ENSG00000176771.16","NCKAP5","chr2_134145762_C_CTAA_b38","rs141460510","0.000040","0.31","Skin - Not Sun Exposed (Suprapubic)"
"ENSG00000176771.16","NCKAP5","chr2_133688572_T_C_b38","rs1080809","0.000040","-0.23","Heart - Left Ventricle"
"ENSG00000176771.16","NCKAP5","chr2_133690431_C_T_b38","rs72843241","0.000040","-0.23","Heart - Left Ventricle"
"ENSG00000176771.16","NCKAP5","chr2_133757793_T_C_b38","rs56194837","0.000040","-0.18","Heart - Left Ventricle"
"ENSG00000176771.16","NCKAP5","chr2_133259481_T_C_b38","rs10193871","0.000042","0.22","Thyroid"
"ENSG00000176771.16","NCKAP5","chr2_133740111_G_C_b38","rs12471670","0.000043","-0.19","Heart - Left Ventricle"
"ENSG00000176771.16","NCKAP5","chr2_133596135_C_T_b38","rs1653801","0.000045","-0.25","Testis"
"ENSG00000176771.16","NCKAP5","chr2_133778857_G_C_b38","rs56724378","0.000045","-0.18","Heart - Left Ventricle"
"ENSG00000176771.16","NCKAP5","chr2_133778781_A_C_b38","rs72843280","0.000046","-0.23","Heart - Left Ventricle"
"ENSG00000176771.16","NCKAP5","chr2_132608036_G_A_b38","rs72841247","0.000046","-0.16","Skin - Not Sun Exposed (Suprapubic)"
"ENSG00000176771.16","NCKAP5","chr2_133281742_C_A_b38","rs10170384","0.000047","0.21","Thyroid"
"ENSG00000176771.16","NCKAP5","chr2_133286249_G_C_b38","rs10189529","0.000048","0.20","Thyroid"
"ENSG00000176771.16","NCKAP5","chr2_133759171_C_G_b38","rs10496711","0.000048","-0.18","Heart - Left Ventricle"
"ENSG00000176771.16","NCKAP5","chr2_133802466_C_T_b38","rs4954078","0.000050","0.14","Adipose - Subcutaneous"
"ENSG00000176771.16","NCKAP5","chr2_132610721_G_A_b38","rs12466734","0.000051","-0.16","Skin - Not Sun Exposed (Suprapubic)"
"ENSG00000176771.16","NCKAP5","chr2_132611398_G_A_b38","rs72841252","0.000051","-0.16","Skin - Not Sun Exposed (Suprapubic)"
"ENSG00000176771.16","NCKAP5","chr2_133249897_G_T_b38","rs62179960","0.000052","0.20","Thyroid"
"ENSG00000176771.16","NCKAP5","chr2_133598091_G_T_b38","rs34738143","0.000052","0.75","Testis"
"ENSG00000176771.16","NCKAP5","chr2_133593154_G_A_b38","rs1653804","0.000053","-0.25","Testis"
"ENSG00000176771.16","NCKAP5","chr2_133593564_G_A_b38","rs10194577","0.000053","-0.25","Testis"
"ENSG00000176771.16","NCKAP5","chr2_133595876_A_T_b38","rs1669458","0.000053","-0.25","Testis"
"ENSG00000176771.16","NCKAP5","chr2_132595651_G_A_b38","rs72841234","0.000055","-0.16","Skin - Not Sun Exposed (Suprapubic)"
"ENSG00000176771.16","NCKAP5","chr2_133581579_C_T_b38","rs34647295","0.000056","0.19","Muscle - Skeletal"
"ENSG00000176771.16","NCKAP5","chr2_133587095_G_A_b38","rs6430432","0.000057","0.20","Muscle - Skeletal"
"ENSG00000176771.16","NCKAP5","chr2_133758430_T_C_b38","rs2100083","0.000057","0.12","Adipose - Subcutaneous"
"ENSG00000176771.16","NCKAP5","chr2_133668986_G_A_b38","rs62177769","0.000058","0.20","Adipose - Subcutaneous"
"ENSG00000176771.16","NCKAP5","chr2_133756955_C_G_b38","rs1446751","0.000059","0.14","Adipose - Subcutaneous"
"ENSG00000176771.16","NCKAP5","chr2_133275915_T_A_b38","rs1430169","0.000059","0.22","Thyroid"
"ENSG00000176771.16","NCKAP5","chr2_132614529_G_A_b38","rs6752416","0.000059","-0.16","Skin - Not Sun Exposed (Suprapubic)"
"ENSG00000176771.16","NCKAP5","chr2_133777200_C_A_b38","rs895538","0.000061","0.20","Colon - Sigmoid"
"ENSG00000176771.16","NCKAP5","chr2_133778945_A_G_b38","rs72843283","0.000061","0.20","Colon - Sigmoid"
"ENSG00000176771.16","NCKAP5","chr2_132603709_C_T_b38","rs2315509","0.000061","-0.15","Skin - Not Sun Exposed (Suprapubic)"
"ENSG00000176771.16","NCKAP5","chr2_132607413_G_A_b38","rs61517950","0.000061","-0.15","Skin - Not Sun Exposed (Suprapubic)"
"ENSG00000176771.16","NCKAP5","chr2_133776195_G_T_b38","rs75601924","0.000062","0.15","Adipose - Subcutaneous"
"ENSG00000176771.16","NCKAP5","chr2_133718139_C_T_b38","rs72843245","0.000062","-0.23","Heart - Left Ventricle"
"ENSG00000176771.16","NCKAP5","chr2_133527784_G_C_b38","rs75999275","0.000064","0.43","Muscle - Skeletal"
"ENSG00000176771.16","NCKAP5","chr2_133841147_A_G_b38","rs6707604","0.000064","-0.13","Nerve - Tibial"
"ENSG00000176771.16","NCKAP5","chr2_133841656_A_G_b38","rs6430462","0.000064","-0.13","Nerve - Tibial"
"ENSG00000176771.16","NCKAP5","chr2_133842108_G_A_b38","rs6724776","0.000064","-0.13","Nerve - Tibial"
"ENSG00000176771.16","NCKAP5","chr2_133842220_G_A_b38","rs6724903","0.000064","-0.13","Nerve - Tibial"
"ENSG00000176771.16","NCKAP5","chr2_133755866_G_A_b38","rs1348839","0.000064","-0.18","Heart - Left Ventricle"
"ENSG00000176771.16","NCKAP5","chr2_133769972_T_C_b38","rs41455444","0.000066","-0.18","Heart - Left Ventricle"
"ENSG00000176771.16","NCKAP5","chr2_133778925_G_T_b38","rs57021484","0.000067","-0.18","Heart - Left Ventricle"
"ENSG00000176771.16","NCKAP5","chr2_133743636_T_C_b38","rs12614459","0.000067","0.14","Adipose - Subcutaneous"
"ENSG00000176771.16","NCKAP5","chr2_133251724_G_T_b38","rs13413333","0.000067","0.22","Thyroid"
"ENSG00000176771.16","NCKAP5","chr2_132592070_A_C_b38","rs72841231","0.000068","-0.14","Skin - Not Sun Exposed (Suprapubic)"
"ENSG00000176771.16","NCKAP5","chr2_133702657_T_C_b38","rs35593895","0.000071","-0.21","Heart - Left Ventricle"
"ENSG00000176771.16","NCKAP5","chr2_133758430_T_C_b38","rs2100083","0.000072","0.19","Colon - Sigmoid"
"ENSG00000176771.16","NCKAP5","chr2_133761081_A_G_b38","rs2874496","0.000072","0.14","Adipose - Subcutaneous"
"ENSG00000176771.16","NCKAP5","chr2_133229616_T_C_b38","rs10210486","0.000073","0.19","Thyroid"
"ENSG00000176771.16","NCKAP5","chr2_133813846_G_A_b38","rs55942457","0.000074","-0.13","Nerve - Tibial"
"ENSG00000176771.16","NCKAP5","chr2_133814441_T_C_b38","rs77795402","0.000074","-0.13","Nerve - Tibial"
"ENSG00000176771.16","NCKAP5","chr2_133269342_T_G_b38","rs62179967","0.000074","0.22","Thyroid"
"ENSG00000176771.16","NCKAP5","chr2_133744413_G_T_b38","rs17605839","0.000074","-0.23","Heart - Left Ventricle"
"ENSG00000176771.16","NCKAP5","chr2_132608033_T_A_b38","rs59886339","0.000075","-0.15","Skin - Not Sun Exposed (Suprapubic)"
"ENSG00000176771.16","NCKAP5","chr2_133246182_C_T_b38","rs17800749","0.000075","0.21","Thyroid"
"ENSG00000176771.16","NCKAP5","chr2_132597836_C_T_b38","rs4468867","0.000076","-0.15","Skin - Not Sun Exposed (Suprapubic)"
"ENSG00000176771.16","NCKAP5","chr2_132599226_C_T_b38","rs7426245","0.000076","-0.15","Skin - Not Sun Exposed (Suprapubic)"
"ENSG00000176771.16","NCKAP5","chr2_133541584_G_T_b38","rs77064892","0.000077","0.42","Muscle - Skeletal"
"ENSG00000176771.16","NCKAP5","chr2_133284988_C_T_b38","rs62180003","0.000078","0.20","Thyroid"
"ENSG00000176771.16","NCKAP5","chr2_133278243_G_A_b38","rs1820927","0.000078","0.21","Thyroid"
"ENSG00000176771.16","NCKAP5","chr2_133281896_T_C_b38","rs10185165","0.000079","0.20","Thyroid"
"ENSG00000176771.16","NCKAP5","chr2_134412795_A_G_b38","rs28461431","0.000080","0.57","Skin - Not Sun Exposed (Suprapubic)"
"ENSG00000176771.16","NCKAP5","chr2_133275827_T_C_b38","rs1430170","0.000083","0.13","Nerve - Tibial"
"ENSG00000176771.16","NCKAP5","chr2_134000614_T_C_b38","rs116763897","0.000083","0.72","Artery - Aorta"
"ENSG00000176771.16","NCKAP5","chr2_133579759_C_T_b38","rs56082736","0.000086","0.18","Muscle - Skeletal"
"ENSG00000176771.16","NCKAP5","chr2_133756050_G_A_b38","rs1446750","0.000088","0.15","Adipose - Subcutaneous"
"ENSG00000176771.16","NCKAP5","chr2_133763576_C_T_b38","rs1446753","0.000088","0.15","Adipose - Subcutaneous"
"ENSG00000176771.16","NCKAP5","chr2_133593269_C_T_b38","rs1653803","0.000093","-0.24","Testis"
"ENSG00000176771.16","NCKAP5","chr2_133594222_T_G_b38","rs4953886","0.000093","0.24","Testis"
"ENSG00000176771.16","NCKAP5","chr2_133596313_C_T_b38","rs1653800","0.000093","-0.24","Testis"
"ENSG00000176771.16","NCKAP5","chr2_133596528_T_C_b38","rs1432282","0.000093","0.24","Testis"
"ENSG00000176771.16","NCKAP5","chr2_133597166_G_A_b38","rs1653799","0.000093","-0.24","Testis"
"ENSG00000176771.16","NCKAP5","chr2_133671075_C_T_b38","rs55646124","0.000095","0.20","Adipose - Subcutaneous"
"ENSG00000176771.16","NCKAP5","chr2_133532785_A_T_b38","rs77768882","0.000096","0.42","Muscle - Skeletal"
"ENSG00000176771.16","NCKAP5","chr2_133538061_T_C_b38","rs79878450","0.000096","0.42","Muscle - Skeletal"
"ENSG00000176771.16","NCKAP5","chr2_133802897_G_A_b38","rs1446736","0.000096","0.14","Adipose - Subcutaneous"
"ENSG00000176771.16","NCKAP5","chr2_132606341_C_A_b38","rs72841243","0.000097","-0.15","Skin - Not Sun Exposed (Suprapubic)"
"ENSG00000176771.16","NCKAP5","chr2_133531461_G_T_b38","rs6755693","0.000098","0.24","Testis"
"ENSG00000176771.16","NCKAP5","chr2_133531601_C_G_b38","rs6731024","0.000098","0.24","Testis"
"ENSG00000176771.16","NCKAP5","chr2_133656832_C_T_b38","rs13407575","0.000098","0.20","Adipose - Subcutaneous"
"ENSG00000176771.16","NCKAP5","chr2_133285452_T_G_b38","rs13399345","0.000098","0.19","Thyroid"
"ENSG00000176771.16","NCKAP5","chr2_133285643_T_A_b38","rs13399558","0.000098","0.19","Thyroid"
"ENSG00000176771.16","NCKAP5","chr2_132601080_T_G_b38","rs59330314","0.00010","-0.14","Skin - Not Sun Exposed (Suprapubic)"
"ENSG00000176771.16","NCKAP5","chr2_132601327_T_C_b38","rs56265061","0.00010","-0.14","Skin - Not Sun Exposed (Suprapubic)"
"ENSG00000176771.16","NCKAP5","chr2_132601662_C_T_b38","rs57248603","0.00010","-0.14","Skin - Not Sun Exposed (Suprapubic)"
"ENSG00000176771.16","NCKAP5","chr2_134373336_G_C_b38","rs16830504","0.00010","-1.1","Testis"
"ENSG00000176771.16","NCKAP5","chr2_133562266_A_G_b38","rs1347043","0.00010","0.16","Muscle - Skeletal"
"ENSG00000176771.16","NCKAP5","chr2_133282242_G_A_b38","rs61632923","0.00010","0.20","Thyroid"
"ENSG00000176771.16","NCKAP5","chr2_133741722_A_G_b38","rs56714278","0.00011","0.14","Adipose - Subcutaneous"
"ENSG00000176771.16","NCKAP5","chr2_133741794_G_A_b38","rs60358627","0.00011","0.14","Adipose - Subcutaneous"
"ENSG00000176771.16","NCKAP5","chr2_133280880_T_G_b38","rs76498001","0.00011","0.19","Thyroid"
"ENSG00000176771.16","NCKAP5","chr2_133501027_A_G_b38","rs17747958","0.00011","0.36","Muscle - Skeletal"
"ENSG00000176771.16","NCKAP5","chr2_133672400_T_A_b38","rs72843232","0.00011","0.20","Adipose - Subcutaneous"
"ENSG00000176771.16","NCKAP5","chr2_132614685_A_G_b38","rs6739522","0.00011","-0.15","Skin - Not Sun Exposed (Suprapubic)"
"ENSG00000176771.16","NCKAP5","chr2_133565304_G_A_b38","rs12691838","0.00011","0.16","Muscle - Skeletal"
"ENSG00000176771.16","NCKAP5","chr2_133566226_TTC_T_b38","rs150691962","0.00011","0.16","Muscle - Skeletal"
"ENSG00000176771.16","NCKAP5","chr2_133759171_C_G_b38","rs10496711","0.00012","0.12","Adipose - Subcutaneous"
"ENSG00000176771.16","NCKAP5","chr2_132605545_T_A_b38","rs12620062","0.00012","-0.15","Skin - Not Sun Exposed (Suprapubic)"
"ENSG00000176771.16","NCKAP5","chr2_132609956_A_C_b38","rs72841249","0.00012","-0.15","Skin - Not Sun Exposed (Suprapubic)"
"ENSG00000176771.16","NCKAP5","chr2_132611343_A_G_b38","rs10496689","0.00012","-0.15","Skin - Not Sun Exposed (Suprapubic)"
"ENSG00000176771.16","NCKAP5","chr2_132612085_C_CTGCAA_b38","rs138706869","0.00012","-0.15","Skin - Not Sun Exposed (Suprapubic)"
"ENSG00000176771.16","NCKAP5","chr2_132614344_C_T_b38","rs148446656","0.00012","-0.15","Skin - Not Sun Exposed (Suprapubic)"
"ENSG00000176771.16","NCKAP5","chr2_133242017_C_T_b38","rs1835341","0.00012","0.21","Thyroid"
"ENSG00000176771.16","NCKAP5","chr2_133270480_T_A_b38","rs78444386","0.00012","0.21","Thyroid"
"ENSG00000176771.16","NCKAP5","chr2_133270839_C_T_b38","rs13418981","0.00012","0.21","Thyroid"
"ENSG00000176771.16","NCKAP5","chr2_133563857_A_G_b38","rs12691837","0.00013","0.15","Muscle - Skeletal"
"ENSG00000176771.16","NCKAP5","chr2_133204754_T_G_b38","rs77421898","0.00013","0.46","Nerve - Tibial"
"ENSG00000176771.16","NCKAP5","chr2_133207013_C_A_b38","rs151231924","0.00013","0.46","Nerve - Tibial"
"ENSG00000176771.16","NCKAP5","chr2_133561699_A_G_b38","rs1816382","0.00014","0.15","Muscle - Skeletal"
"ENSG00000176771.16","NCKAP5","chr2_133238128_C_T_b38","rs2217428","0.00015","0.21","Thyroid"
"ENSG00000176771.16","NCKAP5","chr2_133277581_A_G_b38","rs12464930","0.00017","0.20","Thyroid"